model,num_prompts,mean_ssi,std_ssi,pct_unstable,pct_flipped,mean_refusal_rate,mean_partial_rate,mean_comply_rate
meta-llama/Llama-3.1-8B-Instruct,876,0.9242814934192856,0.14572709438741807,14.269406392694064,31.963470319634702,0.8314692687937948,0.10947912690671079,0.05905160429949437
Qwen_Qwen2.5_7B_Instruct,876,0.9293389009052311,0.1549936504602321,14.04109589041096,24.08675799086758,0.9077635584394778,0.03947168148682208,0.05276476007370023
Qwen/Qwen3-8B,876,0.9381488824801729,0.1283134329576315,11.757990867579908,27.73972602739726,0.9246785628454698,0.06493330930064889,0.010388127853881279
google/gemma-3-12b-it,876,0.964554794520548,0.0981073835570742,6.735159817351597,18.378995433789953,0.784931506849315,0.14389269406392693,0.071175799086758
