model,num_prompts,mean_ssi,std_ssi,pct_unstable,pct_flipped,mean_refusal_rate,mean_partial_rate,mean_comply_rate
Qwen/Qwen3-8B,876,0.9094862346124062,0.17253004084004636,27.73972602739726,27.73972602739726,0.9246785628454698,0.06493330930064889,0.010388127853881279
Qwen_Qwen2.5_7B_Instruct,876,0.9002261114331177,0.20519060369032968,24.08675799086758,24.08675799086758,0.9077635584394778,0.03947168148682208,0.052764760073700234
google/gemma-3-12b-it,876,0.9475366498437875,0.13187480782691302,18.378995433789953,18.378995433789953,0.7849315068493151,0.14389269406392693,0.07117579908675799
meta-llama/Llama-3.1-8B-Instruct,876,0.888757337429885,0.19557855171798286,31.963470319634702,31.963470319634702,0.8314692687937948,0.10947912690671079,0.059051604299494374
