temperature,num_prompts,mean_ssi,std_ssi,pct_unstable,pct_flipped,mean_refusal_rate,mean_comply_rate
0.0,876,0.8517579072373593,0.1686879231580883,27.054794520547947,64.49771689497716,0.8174515362871527,0.09261398799070032
0.3,876,0.843285253559226,0.17010031621361188,32.534246575342465,64.15525114155251,0.794389096443891,0.11018000264575607
0.7,876,0.84538313665026,0.17312335855183658,30.70776255707763,63.4703196347032,0.8023039365505119,0.09930107943806575
1.0,876,0.8271823876275932,0.1928482728306316,32.534246575342465,65.6392694063927,0.8010824411509344,0.08251033593499348
