model,num_prompts,mean_ssi,std_ssi,pct_unstable,pct_flipped,mean_refusal_rate,mean_partial_rate,mean_comply_rate
Qwen_Qwen2.5_7B_Instruct,876,0.9293389009052311,0.1549936504602321,14.04109589041096,24.08675799086758,0.9077635584394778,0.03947168148682208,0.05276476007370023
meta-llama/Llama-3.1-8B-Instruct,876,0.9242814934192856,0.14572709438741807,14.269406392694064,31.963470319634702,0.8314692687937948,0.10947912690671077,0.05905160429949437
mistralai_Mistral_7B_Instruct_v0.3,876,0.7479589298359444,0.1919101121638013,55.47945205479452,78.88127853881278,0.5828074095600284,0.18384984553900752,0.23334274490096407
