model,num_prompts,mean_ssi,std_ssi,pct_unstable,pct_flipped,mean_refusal_rate,mean_partial_rate,mean_comply_rate,judge
meta-llama/Llama-3.1-8B-Instruct,876,0.9435502283105023,0.11733253739426411,10.388127853881278,27.28310502283105,0.7927511415525115,0.1279109589041096,0.079337899543379,claude-3-5-haiku-20241022
Qwen_Qwen2.5_7B_Instruct,876,0.9379566210045662,0.1277740968678625,11.986301369863012,26.25570776255708,0.8132990867579909,0.09863013698630135,0.08807077625570776,claude-3-5-haiku-20241022
