kendalls_w,kendalls_w_interpretation,ssi_diff_t0_t1,ssi_diff_ci_lower,ssi_diff_ci_upper
0.03774798228093494,small,0.03545947488584478,0.03167665525114143,0.03937036244292235
