friedman_chi2,friedman_pvalue,friedman_df,n_prompts
44.71462423832293,1.0639310949572417e-09,3,876
