filter,model,n_prompts,mean_ssi,flip_rate,pct_unstable
All responses,Qwen_Qwen2.5_7B_Instruct,876,0.9379566210045662,26.25570776255708,11.986301369863012
All responses,meta-llama/Llama-3.1-8B-Instruct,876,0.9435502283105023,27.28310502283105,10.388127853881278
Judge consensus only,Qwen_Qwen2.5_7B_Instruct,829,0.9683176735105744,14.957780458383596,5.669481302774427
Judge consensus only,meta-llama/Llama-3.1-8B-Instruct,865,0.9608090949437431,20.115606936416185,7.398843930635839
