model,n_prompts,mean_ssi,ssi_ci_lower,ssi_ci_upper,flip_rate,flip_ci_lower,flip_ci_upper,pct_unstable,unstable_ci_lower,unstable_ci_upper,refusal_rate,refusal_ci_lower,refusal_ci_upper
google_gemma-3-12b-it,876,0.9647207191780821,0.9583904109589041,0.9710045662100456,18.322945205479453,15.639269406392694,20.89041095890411,6.678995433789955,5.251141552511415,8.333333333333332,78.57749429223745,75.9300799086758,81.15339611872146
Llama-3.1-8B-Instruct,876,0.9435713470319635,0.9356720890410958,0.9511429794520548,27.263356164383563,24.429223744292237,30.136986301369863,10.370890410958902,8.447488584474886,12.32876712328767,79.23072488584474,76.72260273972604,81.742151826484
Qwen_Qwen3-8B,876,0.9379087058399422,0.9294670001201635,0.9461188716654649,27.84075342465754,24.771689497716896,30.93607305936073,11.806392694063927,9.58904109589041,13.926940639269406,92.45328496755587,91.30435141792839,93.5455043859649
Qwen_Qwen2.5_7B_Instruct,876,0.9378038812785389,0.9291038812785389,0.9464041095890411,26.302168949771687,23.28767123287671,29.10958904109589,12.024429223744294,9.931506849315069,14.15525114155251,81.31177511415525,78.82348744292237,83.60202625570777
