model,model_id,mean_ssi,pct_flipped,pct_unstable,mean_refusal_rate,judge
Llama 3.1 8B,meta-llama/Llama-3.1-8B-Instruct,0.9435502283105024,27.28310502283105,10.388127853881278,0.7927511415525115,claude-3-5-haiku-20241022
Qwen 2.5 7B,Qwen_Qwen2.5_7B_Instruct,0.9379566210045662,26.25570776255708,11.986301369863012,0.8132990867579909,claude-3-5-haiku-20241022
Qwen 3 8B,Qwen/Qwen3-8B,0.9381488824801728,27.73972602739726,11.757990867579908,0.9246785628454698,claude-3-5-haiku-20241022
Gemma 3 12B,google/gemma-3-12b-it,0.964554794520548,18.378995433789953,6.735159817351597,0.784931506849315,claude-3-5-haiku-20241022
